year,plant_id,capacity,capacity_factor,efficiency,ramp_rate,fuel_type
2007,127,720.0,0.673762174805,0.322937155184,41.0,SUB
2007,298,1849.8,0.847509060925,0.336819238069,23.0,LIG
2007,3439,187.2,0.489432070629,0.279137341078,26.0,NG
2007,3452,927.5,0.0710285801335,0.276760003113,152.0,NG
2007,3453,958.3,0.0455201029408,0.248375356657,86.0,NG
2007,3454,708.5,0.0309377235888,0.308332517193,194.0,NG
2007,3460,2295.0,0.0938201244871,0.302923617946,190.0,NG
2007,3464,878.4,0.0287545721171,0.242522012795,96.0,NG
2007,3468,875.1,0.0366086356649,0.270150053912,118.0,NG
2007,3469,1421.5,0.0976047119516,0.358072091927,,NG
2007,3470,3969.0,0.583184326686,0.321535719484,188.0,SUB
2007,3490,634.7,0.144129704449,0.296889913042,116.0,NG
2007,3491,1433.3,0.0212067374062,0.249202116906,104.0,NG
2007,3492,1363.7,0.0126503823516,0.246966536343,57.0,NG
2007,3494,1097.4,0.0416314833698,0.24013282799,123.0,NG
2007,3497,1186.8,0.830830309976,0.316074121038,111.0,LIG
2007,3502,321.6,0.021436215692,0.239110554573,78.0,NG
2007,3504,713.4,0.126332661728,0.281249471755,160.0,NG
2007,3506,1379.7,0.0331033299702,0.269275759353,,NG
2007,3507,243.3,0.0333495937966,0.263494744977,98.0,NG
2007,3508,1175.4,0.0211233398864,0.232063917315,,NG
2007,3548,932.3,0.142615879345,0.305171842748,97.0,NG
2007,3549,558.0,0.078249267238,0.293802291517,66.0,NG
2007,3559,181.4,0.0328719716825,0.327511399203,28.0,NG
2007,3561,138.0,0.00134730705581,0.157358183504,,NG
2007,3574,96.4,0.000579094220065,0.445483679525,2.0,NG
2007,3576,427.7,0.0755053922984,0.270677226145,24.0,NG
2007,3601,639.0,0.180824818371,0.292521340949,71.0,NG
2007,3609,418.3,0.0307351583178,0.307223405467,,NG
2007,3611,892.0,0.181372678325,0.306674026207,138.0,NG
2007,3612,894.0,0.114693496951,0.310176204256,116.0,NG
2007,3613,493.9,0.0030585367551,0.190810922522,44.0,NG
2007,3627,71.0,0.000164075572234,0.167531356344,,NG
2007,3628,603.6,0.0592278694232,0.281053637003,72.0,NG
2007,3630,66.0,0.0383209255182,0.194732415261,,NG
2007,3631,240.2,0.300399417248,0.387704919802,32.0,NG
2007,4195,84.7,0.00842923460099,0.12913732276,,NG
2007,4266,173.7,0.0386678698707,0.198893867745,13.0,NG
2007,4937,446.0,0.202649981121,0.303137202063,93.0,NG
2007,4939,703.0,0.0453444703126,0.284724899825,146.0,NG
2007,6136,453.5,0.875606235749,0.339208719759,12.0,SUB
2007,6146,2379.6,0.876049263753,0.309142006191,,LIG
2007,6147,1980.0,0.897032609661,0.306758867689,84.0,SUB
2007,6178,600.4,0.810262400998,0.321855815309,6.0,SUB
2007,6179,1690.0,0.828836496932,0.333287430752,138.0,SUB
2007,6181,932.0,0.658432709234,0.321683284464,65.0,SUB
2007,6183,410.0,0.763481306439,0.275123298014,4.0,LIG
2007,6243,154.1,0.238907762227,0.296515030065,17.0,NG
2007,6648,590.6,0.869881507712,0.302957537596,12.0,LIG
2007,7030,349.2,0.764979039254,0.286903172368,7.0,LIG
2007,7097,566.0,0.836960845448,0.34547675583,45.0,SUB
2007,7325,176.4,0.644310665443,0.252629294852,26.0,NG
2007,7512,550.0,0.28327880885,0.453480408266,,NG
2007,7900,593.6,0.354847904756,0.430329000135,60.0,NG
2007,8063,1156.8,0.0196803296211,0.276334369649,205.0,NG
2007,10154,41.0,0.73802289926,0.769596820233,,NG
2007,10167,7.6,0.455290475323,0.652643793954,,PC
2007,10184,14.3,0.105500036296,0.161960849779,,NG
2007,10203,40.0,0.677706170704,0.735242510205,,NG
2007,10243,56.8,0.0217278294914,0.232055731411,,NG
2007,10261,25.7,0.845888366791,0.721433502616,,NG
2007,10298,300.0,0.647169242599,0.647989944053,,NG
2007,10317,3.4,0.407984259448,0.74352901339,,NG
2007,10418,55.3,0.483259081741,0.435814323225,,NG
2007,10436,214.9,0.491532066362,0.251557808136,,NG
2007,10554,689.4,0.707924806152,0.406624565438,,NG
2007,10670,184.0,0.617711287674,0.284904236045,,PC
2007,10692,376.9,0.752123487823,0.616185783121,,NG
2007,10741,465.2,0.133469143259,0.611143557051,,NG
2007,10790,102.4,0.566067211604,0.764211686645,,NG
2007,50026,64.7,0.481761835746,0.469953560711,,NG
2007,50043,316.4,0.659381529811,0.321531769207,,NG
2007,50054,6.9,0.519724520669,0.60695806019,,NG
2007,50109,250.0,0.238035986159,0.447020825959,,NG
2007,50118,136.1,0.285796385892,0.479140341064,,NG
2007,50121,76.7,0.407397477252,0.225055770214,,PC
2007,50127,80.0,0.0567675893887,0.371624425665,,NG
2007,50137,91.2,0.000603259879803,0.256626300851,,NG
2007,50150,168.0,0.438963358873,0.30987631746,,NG
2007,50153,96.0,0.223547432478,0.38587664202,,NG
2007,50229,35.0,0.84747856319,0.70242090771,,NG
2007,50241,4.2,0.00076893502499,0.1961724846,,DFO
2007,50263,6.0,0.141499038831,0.531387795104,,NG
2007,50304,257.0,0.646743729215,0.687502213956,,NG
2007,50475,41.0,0.769415931021,0.692359392196,,NG
2007,50615,344.0,0.0746402319546,0.313551472382,,NG
2007,50815,643.6,0.538345713235,0.30352236658,,NG
2007,52069,63.1,0.506981503518,0.734666499271,,NG
2007,52088,450.0,0.395879338716,0.540768488263,,NG
2007,52120,1378.6,0.393100678337,0.607404295545,,NG
2007,52132,191.1,0.129169640707,0.705370064189,,NG
2007,52176,230.0,0.315057614964,0.442716152486,,NG
2007,54253,55.0,0.249946524064,0.643720696549,,NG
2007,54330,3.7,1.1259048287,3.65702054163,,NG
2007,54364,6.0,0.00280657439446,0.499644108325,,DFO
2007,54458,2.0,0.206689677047,0.267362031309,,NG
2007,54459,3.6,10.951877483,0.689381951012,,NG
2007,54606,3.4,-0.505190311419,-0.237943955344,,NG
2007,54607,3.5,0.0,0.0,,NG
2007,54676,497.9,0.58649704306,0.354597352185,,NG
2007,54817,282.6,0.526958437511,0.439698027777,,NG
2007,55015,572.0,0.65897077778,0.676075136313,,NG
2007,55025,5.6,0.534890426759,0.472038440844,,NG
2007,55047,815.0,0.509349765428,0.505024218141,,NG
2007,55052,1.6,0.769247404844,0.243040772188,,NG
2007,55053,7.6,0.598393128149,0.336280816775,,NG
2007,55062,939.7,0.567730087359,0.47481019565,,NG
2007,55086,432.0,0.751844269298,0.786176091962,,NG
2007,55091,1734.0,0.445365703103,0.455411240358,105.0,NG
2007,55097,1090.8,0.462416080132,0.434761587898,,NG
2007,55098,529.0,0.503470455234,0.461544224955,,NG
2007,55123,801.0,0.423364393125,0.465864756368,,NG
2007,55132,939.6,0.478654442269,0.462722063271,,NG
2007,55137,898.2,0.330651563283,0.449027204775,,NG
2007,55139,809.6,0.470493734927,0.434291032664,126.0,NG
2007,55144,989.0,0.430789083611,0.464579598307,,NG
2007,55153,1142.2,0.423482314326,0.448835401996,,NG
2007,55154,595.0,0.629459451601,0.472395867542,,NG
2007,55168,727.8,0.352174143181,0.44083504214,,NG
2007,55172,557.0,0.185403763364,0.454906100445,,NG
2007,55187,918.3,0.65473742979,0.67627168188,,NG
2007,55206,575.5,0.501510847094,0.369240920421,,NG
2007,55215,1135.2,0.44222268147,0.482201474518,120.0,NG
2007,55223,418.0,0.450911132818,0.467970033256,61.0,NG
2007,55226,1036.0,0.450462029009,0.459599285871,,NG
2007,55230,640.0,0.642721849769,0.474648508038,,NG
2007,55299,715.0,0.437166038345,0.581402489248,,NG
2007,55311,92.7,0.792381322095,0.668288830604,,NG
2007,55313,548.2,0.582558298165,0.403070117616,,NG
2007,55320,746.0,0.394881582975,0.448136563087,,NG
2007,55327,914.6,0.582392399751,0.412711267937,,NG
2007,55357,675.6,0.466659223157,0.453880634717,,NG
2007,55365,236.0,0.0152532598284,0.284817763846,,NG
2007,55390,10.8,0.00104659532658,0.272068826688,,DFO
2007,55464,996.0,0.681409801837,0.595070529733,,NG
2007,55470,611.0,0.614120926044,0.7115629508,,NG
2007,55480,1783.8,0.547671449815,0.454478198979,,NG
2007,55545,551.3,0.385382061191,0.4635255406,,NG
2007,56233,153.9,0.645724054251,0.443921552686,,NG
2007,56349,448.0,0.0778054971989,0.387970345097,,NG
2007,56350,451.1,0.0764561930762,0.391820794182,117.0,NG
2007,56373,5.0,0.030403644752,0.252456586538,,NG
2007,56374,6.1,0.341520619434,0.38241875628,,NG
2008,127,720.0,0.663368896578,0.322089141466,96.0,SUB
2008,298,1849.8,0.866458583072,0.330791750224,25.0,LIG
2008,3439,450.8,0.144747413032,0.298257040547,33.0,NG
2008,3452,927.5,0.103783098145,0.28586077579,159.0,NG
2008,3453,958.3,0.0296569966447,0.276189844322,69.0,NG
2008,3454,708.5,0.0312507783636,0.291515138082,203.0,NG
2008,3460,2295.0,0.0923567355944,0.298377015299,177.0,NG
2008,3464,878.4,0.0165796362475,0.211695180665,75.0,NG
2008,3468,875.1,0.0256824825556,0.254805781154,113.0,NG
2008,3469,1421.5,0.0740758681656,0.355398848537,174.0,NG
2008,3470,3969.0,0.57389340631,0.330124205555,193.0,SUB
2008,3490,634.7,0.0739571447445,0.285334753912,124.0,NG
2008,3491,1433.3,0.034701539289,0.265938463791,98.0,NG
2008,3492,1363.7,0.00469776616115,0.236987467393,304.0,NG
2008,3494,1097.4,0.0327558332803,0.235517980846,137.0,NG
2008,3497,1186.8,0.818480019838,0.307721234276,110.0,LIG
2008,3502,321.6,0.0267538461097,0.260874920438,73.0,NG
2008,3504,713.4,0.13062696013,0.291961222634,150.0,NG
2008,3506,1379.7,0.0378645743074,0.275916537539,,NG
2008,3507,243.3,0.0329840889234,0.258712852016,65.0,NG
2008,3508,1175.4,0.0470512480082,0.264177054792,,NG
2008,3548,932.3,0.214797747531,0.321863067105,120.0,NG
2008,3559,181.4,0.0662087391543,0.331215411866,32.0,NG
2008,3561,138.0,0.00255670895809,0.321197353439,,NG
2008,3574,96.4,1.19647566129e-06,0.00169414101291,0.0,NG
2008,3576,427.7,0.0336609325544,0.2597175561,33.0,NG
2008,3601,639.0,0.190544626209,0.29615059809,90.0,NG
2008,3609,418.3,0.0433944611862,0.303110026553,,NG
2008,3611,892.0,0.179770715989,0.301463292963,138.0,NG
2008,3612,894.0,0.130814168015,0.309231581312,130.0,NG
2008,3613,493.9,0.00343545347822,0.219910588091,36.0,NG
2008,3627,71.0,0.00560131260458,0.231322033898,,NG
2008,3628,603.6,0.103661575338,0.28667968855,87.0,NG
2008,3630,66.0,0.0559679843417,0.205365092372,,NG
2008,3631,240.2,0.285334116994,0.378654074944,29.0,NG
2008,4195,84.7,0.0319058104525,0.204578550042,,NG
2008,4266,173.7,0.0197759264903,0.218317229114,21.0,NG
2008,4937,446.0,0.191801014787,0.303583096527,94.0,NG
2008,4939,703.0,0.118181266315,0.297228383317,124.0,NG
2008,6136,453.5,0.923267066733,0.347010300865,19.0,SUB
2008,6146,2379.6,0.859738525399,0.304372893786,,LIG
2008,6147,1980.0,0.868704169783,0.30038556473,92.0,SUB
2008,6178,600.4,0.947043954549,0.328877498388,8.0,SUB
2008,6179,1690.0,0.813980262484,0.334999113114,114.0,SUB
2008,6181,932.0,0.650158902238,0.339027715392,74.0,SUB
2008,6183,410.0,0.761281964723,0.264199760543,5.0,LIG
2008,6243,154.1,0.127795653895,0.297684511847,23.0,NG
2008,6648,590.6,0.729905583476,0.289356409251,20.0,LIG
2008,7030,349.2,0.796520569012,0.301960865917,9.0,LIG
2008,7097,566.0,0.88442702793,0.340602073604,44.0,SUB
2008,7325,176.4,0.582845556523,0.244977633789,23.0,NG
2008,7512,550.0,0.173157596729,0.30723470348,,NG
2008,7900,593.6,0.365209291264,0.409865488995,67.0,NG
2008,8063,1156.8,0.0423684993483,0.284570736232,190.0,NG
2008,10154,41.0,0.576546544012,0.769598225881,,NG
2008,10167,7.6,0.399617859528,0.632763000859,,PC
2008,10184,14.3,0.11181552012,0.176165944134,,NG
2008,10203,40.0,0.223705305652,0.735242376939,,NG
2008,10243,56.8,0.464292850529,0.658192594567,,NG
2008,10261,25.7,0.840924696727,0.72143203992,,NG
2008,10298,300.0,0.647976547482,0.654866934321,,NG
2008,10317,3.4,0.387543252595,0.225971268566,,NG
2008,10418,55.3,0.324809000294,0.299999864496,,NG
2008,10436,214.9,0.539476197453,0.250805261065,,NG
2008,10554,689.4,0.627403467368,0.460147680295,,NG
2008,10670,184.0,0.513410811895,0.266506527614,,PC
2008,10692,376.9,0.773818955891,0.623202844999,,NG
2008,10741,465.2,0.199057641366,0.620081519934,,NG
2008,10790,102.4,0.45888300173,0.762958616711,,NG
2008,50026,56.7,0.571509940214,0.473790421926,,NG
2008,50043,316.4,0.679257170854,0.331930019383,,NG
2008,50054,6.9,0.409033649265,0.60695971386,,NG
2008,50109,250.0,0.260726643599,0.44862502315,,NG
2008,50118,136.1,0.290004042417,0.473400126744,,NG
2008,50121,76.7,0.250874823493,0.233752024488,,PC
2008,50127,80.0,0.120222029988,0.357892433406,,NG
2008,50137,91.2,0.0188553491572,0.268911803265,,NG
2008,50150,168.0,0.430716867139,0.309876188674,,NG
2008,50153,96.0,0.296609609285,0.380329881165,,NG
2008,50229,35.0,0.672927994727,0.719914527442,,NG
2008,50241,4.2,0.00862305706596,0.222091210614,,DFO
2008,50304,257.0,0.647352335304,0.743533364083,,NG
2008,50475,41.0,0.836093059893,0.706489571954,,NG
2008,50615,344.0,0.0553525924734,0.338497767207,,NG
2008,50815,643.6,0.514312872445,0.307386385782,,NG
2008,52069,63.1,0.524896495375,0.734665988027,,NG
2008,52088,450.0,0.438383139818,0.53662537045,,NG
2008,52120,1378.6,0.378197324534,0.607404325223,,NG
2008,52132,191.1,0.193020303144,0.705370362573,,NG
2008,52176,230.0,0.187340654932,0.445489836653,,NG
2008,54330,3.7,1.08482184607,0.404404467135,,NG
2008,54364,6.0,0.00280661284121,0.495180914513,,DFO
2008,54458,2.0,-0.0038062283737,-0.00387540441936,,NG
2008,54459,3.6,-0.0492759195181,-0.0342721970781,,NG
2008,54606,3.4,0.114064047764,0.363396913525,,NG
2008,54607,3.5,0.000549019607843,0.47768,,NG
2008,54676,497.9,0.551287495138,0.35508272821,,NG
2008,54817,282.6,0.579874962349,0.434736082325,,NG
2008,55015,572.0,0.629160919818,0.675395340578,,NG
2008,55025,5.6,0.545806557917,0.481671878413,,NG
2008,55047,815.0,0.513474572074,0.507098166715,,NG
2008,55052,1.6,0.781646482122,0.242761164845,,NG
2008,55053,7.6,0.665149031749,0.377456606955,,NG
2008,55062,939.7,0.582997788565,0.474449620508,,NG
2008,55086,432.0,0.778089316609,0.808471082727,,NG
2008,55091,1734.0,0.34234211223,0.44542963842,115.0,NG
2008,55097,1090.8,0.387597179556,0.455097298894,,NG
2008,55098,529.0,0.444997525308,0.439423978188,,NG
2008,55123,801.0,0.462541056666,0.460456652454,,NG
2008,55132,939.6,0.394049248177,0.454031923602,,NG
2008,55137,898.2,0.361251016707,0.467402408522,,NG
2008,55139,809.6,0.49207719591,0.422842323263,124.0,NG
2008,55144,989.0,0.607221652713,0.468793917428,,NG
2008,55153,1142.2,0.508192066263,0.457014709633,,NG
2008,55154,595.0,0.467998798135,0.32781005706,,NG
2008,55168,727.8,0.326800415719,0.442243227156,,NG
2008,55172,557.0,0.251793986155,0.425806116873,,NG
2008,55187,918.3,0.64968980719,0.680448479743,,NG
2008,55206,575.5,0.484740514492,0.352120259531,,NG
2008,55215,1135.2,0.290218410873,0.440490423199,107.0,NG
2008,55223,418.0,0.415221378785,0.458635934663,51.0,NG
2008,55226,1036.0,0.419928368804,0.464037724184,,NG
2008,55230,640.0,0.563358383795,0.477842648801,,NG
2008,55299,715.0,0.429482582009,0.566842825856,,NG
2008,55311,92.7,0.60815170665,0.314539585195,,NG
2008,55313,548.2,0.536568088832,0.402387918703,,NG
2008,55320,746.0,0.556553772368,0.458545850771,,NG
2008,55327,914.6,0.492811348694,0.428415214732,,NG
2008,55357,675.6,0.487803570563,0.44805934514,,NG
2008,55365,236.0,0.0406036791586,0.284471151868,,NG
2008,55390,10.8,0.000266991328122,0.0875770020534,,DFO
2008,55464,996.0,0.647720524543,0.595728934662,,NG
2008,55470,611.0,0.617059287911,0.711563097044,,NG
2008,55480,1783.8,0.496263500817,0.453969075627,,NG
2008,55545,551.3,0.509996190194,0.465010050146,,NG
2008,56233,153.9,0.654509174384,0.452091378296,,NG
2008,56349,573.0,0.189240344531,0.399403699513,,NG
2008,56350,566.1,0.183442143548,0.405102107155,127.0,NG
2008,56374,6.1,0.232041900656,0.302017902352,,NG
2009,127,720.0,0.450726002819,0.313565200799,126.0,SUB
2009,298,1849.8,0.745261715379,0.328364688533,133.0,LIG
2009,3439,263.6,0.176254872207,0.35703452993,81.0,NG
2009,3443,376.9,0.0791777638435,0.413486601114,107.0,NG
2009,3452,927.5,0.0540795941018,0.270537759591,120.0,NG
2009,3453,852.2,0.0899579539976,0.290014035317,85.0,NG
2009,3460,1530.0,0.10663440155,0.305395855366,238.0,NG
2009,3464,878.4,0.0203163768454,0.238439016106,112.0,NG
2009,3468,842.5,0.0419451089914,0.267533005914,143.0,NG
2009,3469,1173.7,0.108513785258,0.35069646104,204.0,NG
2009,3470,4008.4,0.54590797618,0.327026158904,207.0,SUB
2009,3490,634.7,0.0948152493372,0.282088626132,125.0,NG
2009,3491,1314.8,0.045829153258,0.274224932386,109.0,NG
2009,3492,536.4,0.00605020268405,0.215955973555,196.0,NG
2009,3494,1097.4,0.024880450363,0.212900934526,153.0,NG
2009,3497,1186.8,0.749759076096,0.309561262552,159.0,SUB
2009,3502,321.6,0.0182934089644,0.242694700027,72.0,NG
2009,3504,713.4,0.0949536132994,0.282034012952,145.0,NG
2009,3506,799.2,0.0344049412735,0.248908300105,,NG
2009,3507,243.3,0.0260243262219,0.242758154467,87.0,NG
2009,3508,1175.4,0.0391762386124,0.271537731403,,NG
2009,3548,932.0,0.183325041706,0.312237048944,105.0,NG
2009,3559,181.4,0.0511197669288,0.315787507238,31.0,NG
2009,3561,138.0,0.00123113183892,0.180268149211,,NG
2009,3576,427.7,0.0349243384655,0.273366720201,46.0,NG
2009,3601,639.0,0.172966157834,0.280606645664,81.0,NG
2009,3609,418.3,0.0346153114394,0.308939721739,,NG
2009,3611,892.0,0.175975219948,0.291640128288,142.0,NG
2009,3612,894.0,0.115305935508,0.307213175644,132.0,NG
2009,3613,380.3,0.0016577697265,0.174206189226,27.0,NG
2009,3628,603.6,0.105672004115,0.290441086635,70.0,NG
2009,3630,66.0,0.0333228478557,0.176156867842,,NG
2009,3631,240.2,0.165184818111,0.332330429371,30.0,NG
2009,4195,84.7,0.0603963510538,0.208963727651,,NG
2009,4266,126.5,0.0334176730446,0.244891700137,22.0,NG
2009,4937,446.0,0.238769324665,0.308474617139,84.0,NG
2009,4939,703.0,0.0496783434318,0.301999684881,123.0,NG
2009,6136,453.5,0.871578101375,0.339386990066,44.0,SUB
2009,6146,2379.6,0.827179381141,0.310099781096,,LIG
2009,6147,1980.0,0.884147647175,0.302712494018,100.0,SUB
2009,6178,600.4,1.00975858463,0.332042059918,13.0,SUB
2009,6179,1690.0,0.792989155286,0.332528688368,166.0,SUB
2009,6181,932.0,0.570694293875,0.338421820665,92.0,SUB
2009,6183,410.0,0.805067656905,0.279517790339,9.0,LIG
2009,6243,154.1,0.0732953256884,0.301114986108,24.0,NG
2009,6648,590.6,0.839206195018,0.299687857774,16.0,LIG
2009,7030,349.2,0.720120862846,0.297036802555,24.0,LIG
2009,7097,566.0,0.738343909586,0.342195310597,79.0,SUB
2009,7325,176.4,0.486573060597,0.244218817062,4.0,NG
2009,7512,550.0,0.288359442173,0.469238470078,,NG
2009,7900,593.6,0.343070413515,0.425338616398,59.0,NG
2009,8063,1156.8,0.037030921717,0.271449530271,206.0,NG
2009,10154,41.0,0.745936365938,0.769596432727,,NG
2009,10167,7.6,0.291580009713,0.632767106632,,PC
2009,10184,14.3,0.113678708834,0.187160096365,,NG
2009,10203,40.0,0.13434544406,0.723659675973,,NG
2009,10243,44.2,0.457734320771,0.658193833979,,NG
2009,10261,25.7,0.842378791755,0.721434764242,,NG
2009,10298,300.0,0.628008842753,0.655723400413,,NG
2009,10418,52.1,0.184030798726,0.449293562664,,NG
2009,10436,177.3,0.64182342988,0.250805299527,,NG
2009,10554,689.4,0.649983470239,0.466670395105,,NG
2009,10638,6.5,0.358087126253,0.778180174275,,NG
2009,10670,184.0,0.639264580513,0.269395713333,,PC
2009,10692,381.8,0.755494068949,0.616185800805,,NG
2009,10741,465.2,0.133186257154,0.648183625193,,NG
2009,10790,102.4,0.466344074394,0.762823875771,,NG
2009,50026,56.7,0.527129370267,0.473788379108,,NG
2009,50043,316.4,0.532751280627,0.323083720445,,NG
2009,50054,6.9,0.470235528141,0.606962556281,,NG
2009,50109,250.0,0.203365167243,0.39385815871,,NG
2009,50118,118.1,0.345532445184,0.476286062278,,NG
2009,50121,69.2,0.348289230687,0.23654308885,,PC
2009,50127,80.0,0.0818915801615,0.355356710649,,NG
2009,50137,101.9,0.0252684575533,0.271650664242,,NG
2009,50150,168.0,0.398549356017,0.309876220678,,NG
2009,50153,96.0,0.310974853422,0.383585634326,,NG
2009,50229,35.0,0.704419179436,0.719097678353,,NG
2009,50241,4.2,0.00238919097051,0.244316049383,,DFO
2009,50304,252.0,0.656497958661,0.742260424452,,NG
2009,50475,41.0,0.7813992742,0.706489900586,,NG
2009,50615,,,0.198715431748,,NG
2009,50815,643.6,0.502835477773,0.310384476492,,NG
2009,52069,63.1,0.296541437494,0.757388621086,,NG
2009,52088,450.0,0.369695360759,0.534313673222,,NG
2009,52120,1010.6,0.433215347535,0.607404340282,,NG
2009,52132,191.1,0.14354660718,0.705370042088,,NG
2009,52176,230.0,0.185248483025,0.444149616058,,NG
2009,54330,3.7,1.07116805387,0.404402446217,,NG
2009,54364,6.0,0.00280661284121,0.494198412698,,DFO
2009,54458,2.0,-0.00236447520185,-0.00233651790486,,NG
2009,54459,,,-0.304899592912,,NG
2009,54606,3.4,0.0874679421942,0.363425148098,,DFO
2009,54607,3.5,0.0,0.0,,NG
2009,54676,497.9,0.541351878582,0.353370867844,,NG
2009,54817,282.6,0.493259982483,0.434380068136,,NG
2009,55015,572.0,0.65071523056,0.674212350927,,NG
2009,55025,5.6,0.545806557917,0.481674444373,,NG
2009,55047,815.0,0.414351299524,0.506285741769,,NG
2009,55052,1.1,1.14511901017,0.377988172163,,NG
2009,55053,7.2,0.800119825708,0.369945690959,,NG
2009,55062,939.7,0.618731419228,0.498700939569,,NG
2009,55086,432.0,0.732436378636,0.806927941552,,NG
2009,55091,1734.0,0.247217067165,0.443061533467,97.0,NG
2009,55097,1090.8,0.548584279804,0.471419690844,,NG
2009,55098,529.0,0.482482889742,0.459721103697,,NG
2009,55123,801.0,0.420411913021,0.468932965948,,NG
2009,55132,939.6,0.307355261239,0.456996904649,,NG
2009,55137,898.2,0.298391220478,0.494853149936,,NG
2009,55139,809.6,0.427351805725,0.431094078273,108.0,NG
2009,55144,989.0,0.448522326911,0.46735204683,,NG
2009,55153,1142.2,0.453319410103,0.44240780212,,NG
2009,55154,595.0,0.640142285288,0.474459764922,,NG
2009,55168,727.8,0.367409116856,0.440749373301,,NG
2009,55172,557.0,0.244455074246,0.433513490476,,NG
2009,55187,918.3,0.657554372134,0.679974174622,,NG
2009,55206,575.5,0.464361464931,0.345727384368,,NG
2009,55215,1135.2,0.31485562554,0.44681704386,138.0,NG
2009,55223,418.0,0.384271557314,0.460342174602,31.0,NG
2009,55226,1036.0,0.363355866989,0.455053148764,,NG
2009,55230,640.0,0.594178020473,0.475336370639,,NG
2009,55299,715.0,0.423779450077,0.561256119486,,NG
2009,55311,92.7,0.674426938108,0.315627253309,,NG
2009,55313,548.2,0.588368223655,0.402625820985,,NG
2009,55320,746.0,0.648345501266,0.460112678991,,NG
2009,55327,914.6,0.498510640283,0.426096766405,,NG
2009,55357,675.6,0.401481736427,0.454204209578,,NG
2009,55365,236.0,0.0169344906457,0.269517641346,,NG
2009,55390,10.8,0.000266991328122,0.0617221418234,,DFO
2009,55464,996.0,0.665228966616,0.597541223091,,NG
2009,55470,861.0,0.506930568114,0.711563025143,,NG
2009,55480,1783.8,0.47962651949,0.439798937357,,NG
2009,55545,551.3,0.416168054913,0.46439066154,,NG
2009,56233,153.9,0.613638509105,0.42479510403,,NG
2009,56349,573.0,0.210419472172,0.396778479485,,NG
2009,56350,566.1,0.305146791408,0.41892923656,124.0,NG
2009,56374,6.1,0.321402234954,0.220426035863,,NG
2009,56806,535.5,0.319967864116,0.463114045688,,NG
2010,127,720.0,0.58377402922,0.323464419207,107.0,SUB
2010,298,1867.2,0.788646397618,0.32871639803,96.0,SUB
2010,3439,263.6,0.0563981461548,0.353396544326,94.0,NG
2010,3441,730.2,0.299713276323,0.437831365846,174.0,NG
2010,3443,376.9,0.291088320522,0.445034853203,34.0,NG
2010,3452,927.5,0.0429992196657,0.291420686105,178.0,NG
2010,3453,852.2,0.0954956937563,0.288575087783,109.0,NG
2010,3460,1530.0,0.0839886619777,0.297451611391,253.0,NG
2010,3464,878.4,0.0242731883282,0.244545718403,131.0,NG
2010,3468,842.5,0.0211644231789,0.25537984909,115.0,NG
2010,3469,1173.7,0.0942551080343,0.353650045857,258.0,NG
2010,3470,4008.4,0.503336131379,0.321148284747,328.0,SUB
2010,3490,634.7,0.0892492234477,0.284600815121,127.0,NG
2010,3491,1314.8,0.0317568176898,0.274604260579,119.0,NG
2010,3492,1224.3,0.00449933445951,0.263407207446,235.0,NG
2010,3494,1097.4,0.0360125610939,0.228955438312,73.0,NG
2010,3497,1186.8,0.902814659836,0.315349403876,104.0,SUB
2010,3504,713.4,0.0817573754547,0.282561287491,161.0,NG
2010,3506,1379.7,0.0198185938655,0.274006140117,,NG
2010,3507,243.3,0.0166401900815,0.276898952883,85.0,NG
2010,3508,1175.4,0.0306368991861,0.254097963695,,NG
2010,3548,932.0,0.1470812233,0.304494857539,99.0,NG
2010,3559,181.4,0.0467255194444,0.325802551975,32.0,NG
2010,3561,138.0,0.000541597713254,0.165059798432,,NG
2010,3576,427.7,0.0301494623073,0.25651162969,45.0,NG
2010,3601,639.0,0.1586686594,0.294749315801,74.0,NG
2010,3609,418.3,0.00949302953874,0.229845142405,,NG
2010,3611,892.0,0.0984017875153,0.277941087159,128.0,NG
2010,3612,1138.0,0.0788053668692,0.299221649718,127.0,NG
2010,3628,603.6,0.0733688984891,0.283976656789,75.0,NG
2010,3630,267.6,0.0726686700355,0.369894357671,,NG
2010,3631,240.2,0.123550443834,0.359617801864,26.0,NG
2010,4195,109.9,0.0493218853671,0.231313998454,,NG
2010,4266,126.5,0.0239178303267,0.244899277918,19.0,NG
2010,4937,446.0,0.176296543413,0.293864059791,90.0,NG
2010,4939,1082.2,0.193758623608,0.44603241413,185.0,NG
2010,6136,453.5,0.922401061079,0.338078112017,23.0,SUB
2010,6146,2379.6,0.856308175431,0.308298669609,,LIG
2010,6147,1980.0,0.783340148894,0.306712784569,184.0,SUB
2010,6178,622.4,0.829363508597,0.337851438724,7.0,SUB
2010,6179,1690.0,0.754712843717,0.334111202071,133.0,SUB
2010,6180,916.8,0.493290563839,0.32572599314,67.0,LIG
2010,6181,932.0,0.687770962967,0.335787770067,98.0,SUB
2010,6183,410.0,0.804389118632,0.285632694334,6.0,LIG
2010,6243,203.2,0.0736383946816,0.303926944201,34.0,NG
2010,6648,590.6,0.584279431978,0.310340751874,37.0,LIG
2010,7030,349.2,0.788317934815,0.300820216554,18.0,LIG
2010,7097,1444.0,0.527287874576,0.350946958927,77.0,SUB
2010,7325,176.4,0.487881427081,0.229904487381,8.0,NG
2010,7512,550.0,0.0718523644752,0.269569275035,,NG
2010,7900,696.4,0.290887324961,0.412196185719,70.0,NG
2010,8063,1156.8,0.00223601359834,0.264011896793,142.0,NG
2010,10154,41.0,0.737164880299,0.769596015676,,NG
2010,10167,7.6,0.464949918048,0.63276595213,,PC
2010,10184,14.3,0.17845476323,0.296230531673,,NG
2010,10203,40.0,0.0375980392157,0.735259271501,,NG
2010,10243,44.2,0.57000313141,0.658193895571,,NG
2010,10261,25.7,0.843285357173,0.721432614393,,NG
2010,10298,300.0,0.674788542868,0.656279109883,,NG
2010,10418,52.1,0.485874693109,0.44929371354,,NG
2010,10436,177.3,0.666682279561,0.255923748947,,NG
2010,10554,689.4,0.687568933954,0.466225213583,,NG
2010,10638,6.5,0.320113565788,0.778189817566,,NG
2010,10670,185.0,0.28483119798,0.291849075468,,PC
2010,10692,381.8,0.776477657282,0.616185853746,,NG
2010,10741,465.2,0.143167205682,0.618614468987,,NG
2010,10790,102.4,0.615767147852,0.763590319059,,NG
2010,50026,56.7,0.598034130137,0.473857637258,,NG
2010,50043,316.4,0.660285693142,0.331175193671,,NG
2010,50054,6.9,0.446514885579,0.606966437486,,NG
2010,50109,250.0,0.165942329873,0.392219379578,,NG
2010,50118,152.5,0.277503356212,0.471441965558,,NG
2010,50121,69.2,0.400632371276,0.237709233302,,PC
2010,50127,80.0,0.00961937716263,0.249847599188,,NG
2010,50137,101.9,0.00785762553015,0.244287376238,,NG
2010,50150,168.0,0.407744830285,0.309876251812,,NG
2010,50229,35.0,0.827355412753,0.720699760642,,NG
2010,50241,4.2,0.000906244850882,0.148347826087,,DFO
2010,50304,252.0,0.654308782336,0.741831069992,,NG
2010,50475,41.0,0.262126199117,0.254423340888,,NG
2010,50815,643.6,0.520980779253,0.306550950883,,NG
2010,52069,63.1,0.444906695036,0.734665526056,,NG
2010,52071,661.5,0.581869000323,0.319752175496,,LIG
2010,52088,450.0,0.349523003973,0.537866237374,,NG
2010,52120,1010.6,0.4742140816,0.607404328097,,NG
2010,52132,191.1,0.564191890934,0.707590090341,,NG
2010,52176,230.0,0.0835740434281,0.443796284806,,NG
2010,54330,3.7,0.172168708501,0.517321657013,,NG
2010,54364,6.0,0.00288350634371,0.493539054966,,DFO
2010,54458,2.0,0.25647289504,0.261134144696,,NG
2010,54606,3.4,0.0520951217857,0.363361436893,,NG
2010,54607,3.5,0.007815455594,0.923732785388,,DFO
2010,54676,497.9,0.510587373543,0.353196883969,,NG
2010,54817,282.6,0.573008013413,0.433480742412,,NG
2010,55015,572.0,0.600996725305,0.674628687268,,NG
2010,55025,5.6,0.545806557917,0.481671878413,,NG
2010,55047,815.0,0.392906503634,0.506940103876,,NG
2010,55052,1.1,1.09866834434,0.365383371659,,NG
2010,55053,7.2,0.882932525952,0.36994436006,,NG
2010,55062,939.7,0.421779436098,0.468950504832,,NG
2010,55086,432.0,0.728805160408,0.810490741952,,NG
2010,55091,1734.0,0.20037069852,0.438961550796,151.0,NG
2010,55097,1090.8,0.3522934185,0.420595922306,,NG
2010,55098,529.0,0.436372952383,0.457157591909,,NG
2010,55123,801.0,0.417630067375,0.468532461995,,NG
2010,55132,939.6,0.380390585603,0.461476471958,,NG
2010,55137,898.2,0.273164681278,0.49021486499,,NG
2010,55139,809.6,0.394854736245,0.417797311976,115.0,NG
2010,55144,989.0,0.341745474732,0.461557727333,,NG
2010,55153,1142.2,0.438273878876,0.438948399671,,NG
2010,55154,595.0,0.579268413248,0.457636548821,,NG
2010,55168,727.8,0.239713275349,0.434313480396,,NG
2010,55172,807.0,0.0913789234624,0.458348730952,,NG
2010,55187,918.3,0.69902461308,0.680882614826,,NG
2010,55206,575.5,0.447149412226,0.345904231816,,NG
2010,55215,1135.2,0.303052960603,0.449895619617,165.0,NG
2010,55223,418.0,0.422327635304,0.463559651785,31.0,NG
2010,55226,1036.0,0.527057754739,0.469830543284,,NG
2010,55230,640.0,0.563750360438,0.470369597041,,NG
2010,55299,715.0,0.378203273082,0.56623203499,,NG
2010,55311,92.7,0.736252797965,0.308976824974,,NG
2010,55313,548.2,0.585422443673,0.402387856442,,NG
2010,55320,746.0,0.772930601037,0.598150873044,,NG
2010,55327,914.6,0.50386539921,0.419987898757,,NG
2010,55357,675.6,0.415730935567,0.452650036207,,NG
2010,55365,236.0,0.0200926631869,0.273277467695,,NG
2010,55390,10.8,0.000192233756248,0.0200509304603,,DFO
2010,55464,996.0,0.658272536513,0.597746939449,,NG
2010,55470,861.0,0.543148263801,0.703077619967,,NG
2010,55480,1783.8,0.42420927137,0.434931341358,,NG
2010,55545,551.3,0.399215987544,0.461825096011,,NG
2010,56233,153.9,0.618227080153,0.436890030099,,NG
2010,56349,573.0,0.131542439376,0.375063317708,,NG
2010,56350,580.1,0.245101717538,0.414590614852,133.0,NG
2010,56374,6.1,0.448200881124,0.291215255324,,NG
2010,56674,242.0,0.0869941948583,0.325129830324,60.0,NG
2010,56806,535.5,0.47193527161,0.459534691061,,NG
2010,57322,15.0,0.760792003076,0.299879272515,,NG
2010,57504,48.0,0.0836385044214,0.372899745982,,NG
2011,127,720.0,0.543626335063,0.318966290615,110.0,SUB
2011,298,1867.2,0.832934784698,0.334363191157,45.0,SUB
2011,3439,263.6,0.0435973907549,0.329411818968,62.0,NG
2011,3441,730.2,0.330270229799,0.448437956261,163.0,NG
2011,3443,376.9,0.185591924407,0.428476570318,60.0,NG
2011,3452,927.5,0.0820333457068,0.283878107457,145.0,NG
2011,3453,852.2,0.0848774066552,0.283148474249,102.0,NG
2011,3460,1530.0,0.144750435353,0.304567779658,304.0,NG
2011,3464,878.4,0.0463250525754,0.249791231214,154.0,NG
2011,3468,842.5,0.0417854808183,0.270925006764,102.0,NG
2011,3469,1173.7,0.131505971072,0.348347782819,251.0,NG
2011,3470,4008.4,0.517080788361,0.323825491189,280.0,SUB
2011,3490,634.7,0.0553754967654,0.287795923793,186.0,NG
2011,3491,1314.8,0.0513341323286,0.261887620779,205.0,NG
2011,3492,1224.3,0.00779985757462,0.232398344441,179.0,NG
2011,3494,1097.4,0.0338838008429,0.252260125036,86.0,NG
2011,3497,1186.8,0.768803134265,0.303370338961,152.0,LIG
2011,3504,713.4,0.0487153320406,0.273282991504,176.0,NG
2011,3507,243.3,0.0405634558652,0.272929251002,78.0,NG
2011,3548,932.0,0.149203385954,0.297829996878,129.0,NG
2011,3559,181.4,0.0672483274392,0.319413591508,31.0,NG
2011,3561,138.0,0.00157548100229,0.173766514468,,NG
2011,3576,427.7,0.0405521985438,0.260705552611,61.0,NG
2011,3601,639.0,0.099916608455,0.282769983308,57.0,NG
2011,3609,418.3,0.0432767220316,0.326765879784,,NG
2011,3611,892.0,0.0565666360213,0.284662428026,129.0,NG
2011,3612,1138.0,0.0904931458699,0.300926268537,140.0,NG
2011,3628,603.6,0.0764887795488,0.272046891958,131.0,NG
2011,3630,267.6,0.166243838606,0.360241176566,,NG
2011,3631,240.2,0.159909994267,0.373947126772,45.0,NG
2011,4195,109.9,0.04682142621,0.226631861358,,NG
2011,4266,126.5,0.00207521278681,0.145493433255,5.0,NG
2011,4937,446.0,0.092460988616,0.270919762698,68.0,NG
2011,4939,1082.2,0.235166115758,0.431243535829,168.0,NG
2011,6136,453.5,0.79980111449,0.337711664261,40.0,SUB
2011,6146,2379.6,0.854017611297,0.309375916642,,LIG
2011,6147,1980.0,0.726875679925,0.301083323571,179.0,SUB
2011,6178,622.4,0.758365682716,0.342904961473,9.0,SUB
2011,6179,1690.0,0.734722330283,0.328366090878,202.0,SUB
2011,6180,1795.4,0.664122569673,0.312634196488,66.0,LIG
2011,6181,932.0,0.781916335125,0.338772077958,86.0,SUB
2011,6183,410.0,0.830663618871,0.281772007094,7.0,LIG
2011,6243,203.2,0.0918669227765,0.272518033356,27.0,NG
2011,6648,590.6,0.900556811813,0.306057559206,16.0,LIG
2011,7030,349.2,0.755080992838,0.293548315605,17.0,LIG
2011,7097,1444.0,0.717160295156,0.356557134106,59.0,SUB
2011,7325,176.4,0.564698428391,0.24168450401,19.0,NG
2011,7512,550.0,0.391857187795,0.475711908101,,NG
2011,7900,696.4,0.258905910575,0.408983980033,75.0,NG
2011,8063,1156.8,0.00750599035481,0.274775509069,191.0,NG
2011,10154,41.0,0.738599600529,0.769597392467,,NG
2011,10167,7.6,0.704314332544,0.632768082991,,PC
2011,10184,14.3,0.17849509199,0.292055945354,,NG
2011,10243,44.2,0.618640759471,0.65819412117,,NG
2011,10261,25.7,0.821684865294,0.72143346441,,NG
2011,10298,300.0,0.739297958478,0.655701160765,,NG
2011,10418,52.1,0.531388709938,0.44929320911,,NG
2011,10436,177.3,0.639342150715,0.255923768474,,NG
2011,10554,689.4,0.673890318178,0.475887881417,,NG
2011,10638,6.5,0.266063348416,0.778162691652,,NG
2011,10692,381.8,0.825153177778,0.616185872067,,NG
2011,10741,465.2,0.204105141121,0.622973072576,,NG
2011,10790,102.4,0.485309886822,0.763067749006,,NG
2011,50026,56.7,0.534723122364,0.473858302506,,NG
2011,50043,316.4,0.63405096479,0.32494153607,,NG
2011,50054,6.9,0.37646691072,0.606969522832,,NG
2011,50109,250.0,0.171824221453,0.391785162004,,NG
2011,50118,152.5,0.258684364778,0.476935395898,,NG
2011,50121,69.2,0.344208985872,0.236506565819,,PC
2011,50127,80.0,0.0282439446367,0.281421907104,,NG
2011,50137,101.9,0.0206593749894,0.246248780141,,NG
2011,50150,168.0,0.41954951049,0.309876204879,,NG
2011,50229,35.0,0.673610156533,0.720290797539,,NG
2011,50241,4.2,0.00571208875707,0.299576192486,,DFO
2011,50304,252.0,0.649792662163,0.734951936891,,NG
2011,50475,41.0,0.297175570372,0.261008325567,,NG
2011,50815,643.6,0.527738112391,0.309006648639,,NG
2011,52069,63.1,0.463681620686,0.734666173732,,NG
2011,52071,661.5,0.700006880138,0.318742048227,,LIG
2011,52088,450.0,0.37052390132,0.536975986065,,NG
2011,52120,1010.6,0.311208865381,0.607404422338,,NG
2011,52132,191.1,0.398802658318,0.685851934531,,NG
2011,52176,230.0,0.0805130133895,0.443639277058,,NG
2011,54330,3.7,0.827581907167,0.404400982187,,NG
2011,54364,6.0,0.00251826220684,0.508500568828,,DFO
2011,54458,2.0,0.0188581314879,0.0173618411839,,NG
2011,54606,3.4,0.109841916005,0.363390008552,,NG
2011,54607,3.5,9.68858131488e-05,0.436142608696,,NG
2011,54676,497.9,0.498043571698,0.353314085629,,NG
2011,54817,282.6,0.496586727218,0.430808721735,,NG
2011,55015,572.0,0.649532589671,0.673276744246,,NG
2011,55025,5.6,0.545806557917,0.481677010361,,NG
2011,55047,815.0,0.551581576694,0.507980148624,,NG
2011,55052,1.1,1.14302191465,0.361800842388,,NG
2011,55053,7.2,0.931505510701,0.369948684309,,NG
2011,55086,432.0,0.713288884617,0.810325574192,,NG
2011,55091,1734.0,0.273938157935,0.443484359489,109.0,NG
2011,55097,1090.8,0.454200360444,0.445584388878,,NG
2011,55098,529.0,0.525980555683,0.464527920493,,NG
2011,55123,801.0,0.536290997268,0.464514585979,,NG
2011,55132,939.6,0.399733401487,0.463006295403,,NG
2011,55137,898.2,0.344943250592,0.484733229219,,NG
2011,55139,809.6,0.354909625441,0.437633988398,85.0,NG
2011,55144,989.0,0.357761792637,0.464314828565,,NG
2011,55153,1142.2,0.214766541511,0.441067038808,,NG
2011,55154,595.0,0.689635272794,0.475580140777,,NG
2011,55168,727.8,0.394947659487,0.441717889659,,NG
2011,55172,807.0,0.231184031306,0.457343454299,,NG
2011,55187,918.3,0.702148333118,0.680891975477,,NG
2011,55206,575.5,0.510231011196,0.361599053842,,NG
2011,55215,1135.2,0.23399999431,0.436260216357,188.0,NG
2011,55223,418.0,0.568362554704,0.487819579267,33.0,NG
2011,55226,1036.0,0.475354036686,0.472543268484,,NG
2011,55230,1280.0,0.357437463956,0.474031040646,,NG
2011,55299,715.0,0.442928359991,0.566487881446,,NG
2011,55311,92.7,0.716888824189,0.309172571962,,NG
2011,55313,548.2,0.564775061257,0.40185702426,,NG
2011,55320,746.0,0.56476635095,0.451859000091,,NG
2011,55327,914.6,0.541493233817,0.420343727943,,NG
2011,55357,675.6,0.399709293392,0.46134294654,,NG
2011,55365,236.0,0.0397743045374,0.277654362416,,NG
2011,55390,10.8,0.00248835917809,0.263592838196,,DFO
2011,55464,996.0,0.650923648458,0.597898159804,,NG
2011,55470,861.0,0.491515994786,0.688044545483,,NG
2011,55480,1783.8,0.536952332624,0.441047566313,,NG
2011,55545,551.3,0.525417849516,0.4648247984,,NG
2011,56152,260.0,0.619753473516,0.290999984088,,NG
2011,56233,153.9,0.621053381028,0.431215991376,,NG
2011,56349,573.0,0.137047361969,0.391217962965,,NG
2011,56350,580.1,0.305047632284,0.408081624393,112.0,NG
2011,56374,6.1,0.472176527313,0.27831317084,,NG
2011,56674,242.0,0.0361939622713,0.329416652682,56.0,NG
2011,56806,535.5,0.0611139650016,0.434091931129,,NG
2011,57322,15.0,0.828465974625,0.29998327477,,NG
2011,57504,48.0,0.16585068243,0.363273213527,,NG
2012,127,720.0,0.499563312027,0.325518541433,107.0,SUB
2012,298,1849.8,0.718084114583,0.331779048124,158.0,SUB
2012,3439,263.6,0.0857976592404,0.331005955815,63.0,NG
2012,3441,730.2,0.394651636735,0.447416373517,108.0,NG
2012,3443,376.9,0.214552763499,0.425220047017,64.0,NG
2012,3452,927.5,0.0240503392123,0.248235557845,140.0,NG
2012,3453,852.2,0.114641066057,0.307677404169,114.0,NG
2012,3460,1530.0,0.0930624722015,0.302519120218,251.0,NG
2012,3464,878.4,0.0120874852673,0.239496791756,121.0,NG
2012,3468,842.5,0.0196712289384,0.255861270373,102.0,NG
2012,3469,1173.7,0.0542599390191,0.340050052056,211.0,NG
2012,3470,4008.4,0.413647220307,0.322210053566,311.0,SUB
2012,3490,634.7,0.0366740931834,0.24987962354,124.0,NG
2012,3491,1314.8,0.0753075886308,0.234756015674,182.0,NG
2012,3492,536.4,0.00779256300494,0.227258054141,125.0,NG
2012,3494,1097.4,0.056994208183,0.252115757676,62.0,NG
2012,3497,1186.8,0.707141596392,0.299718791806,165.0,SUB
2012,3504,713.4,0.0393251414915,0.245270571616,136.0,NG
2012,3507,243.3,0.0261651238189,0.197943935764,75.0,NG
2012,3548,932.0,0.129429217468,0.29826249509,109.0,NG
2012,3559,181.4,0.0501952645641,0.290511699442,32.0,NG
2012,3561,138.0,0.000373602126273,0.200970351825,,NG
2012,3576,427.7,0.0274688868519,0.254619329192,49.0,NG
2012,3601,639.0,0.0552458155314,0.290372623587,59.0,NG
2012,3609,418.3,0.025951970697,0.31659126001,,NG
2012,3611,892.0,0.0853498484543,0.286955969407,127.0,NG
2012,3612,1138.0,0.0769319484395,0.295665649406,124.0,NG
2012,3628,603.6,0.0568385152369,0.278715186368,89.0,NG
2012,3630,267.6,0.0742526589463,0.347416975688,,NG
2012,3631,240.2,0.112027462697,0.383569167905,27.0,NG
2012,4195,109.9,0.0334287330519,0.223344576016,,NG
2012,4266,126.5,0.0249818783593,0.240670037432,35.0,NG
2012,4937,446.0,0.0665264998112,0.283322735617,84.0,NG
2012,4939,1082.2,0.278798027087,0.422969161148,148.0,NG
2012,6136,453.5,0.384892838095,0.32224446879,110.0,SUB
2012,6146,2379.6,0.715197903634,0.30163739033,,LIG
2012,6147,1980.0,0.430087437291,0.291759796988,207.0,SUB
2012,6178,622.4,0.994072683447,0.345553507655,21.0,SUB
2012,6179,1690.0,0.567820137453,0.319209734011,175.0,SUB
2012,6180,1795.4,0.716556195771,0.324206990493,45.0,LIG
2012,6181,932.0,0.465982174733,0.33304868,115.0,SUB
2012,6183,410.0,0.816255948181,0.286514698773,8.0,LIG
2012,6243,203.2,0.0819591268652,0.262054304255,21.0,NG
2012,6648,590.6,0.850738848261,0.304348117136,21.0,LIG
2012,7030,349.2,0.499984807588,0.285472547455,42.0,LIG
2012,7097,1444.0,0.745405481937,0.34927701849,173.0,SUB
2012,7325,176.4,0.593043753449,0.242876968616,16.0,NG
2012,7512,550.0,0.388666876376,0.47923966646,,NG
2012,7900,696.4,0.264249092548,0.415628622345,64.0,NG
2012,8063,1156.8,0.00229214824812,0.264594357189,107.0,NG
2012,10154,41.0,0.749354375897,0.769596884574,,NG
2012,10167,7.6,0.587355521156,0.632775204662,,PC
2012,10184,14.3,0.170251893435,0.289052042655,,NG
2012,10243,44.2,0.610917137683,0.671626413708,,NG
2012,10261,25.7,0.822227906956,0.721433686064,,NG
2012,10298,300.0,0.711633225682,0.656432904257,,NG
2012,10418,52.1,0.531548326681,0.435814861755,,NG
2012,10436,177.3,0.686818358942,0.250805297288,,NG
2012,10554,689.4,0.61293808835,0.454668571268,,NG
2012,10638,,,0.778864921466,,NG
2012,10670,166.2,0.0387868037425,0.251592674,,PC
2012,10692,381.8,0.829803945736,0.616185814656,,NG
2012,10741,465.2,0.127695942066,0.62017775952,,NG
2012,10790,102.4,0.585746017157,0.763351715059,,NG
2012,50026,56.7,0.584756780563,0.473788854528,,NG
2012,50043,368.9,0.584498070106,0.327697395794,,NG
2012,50054,6.9,0.378236129917,0.60695981572,,NG
2012,50109,250.0,0.186165167243,0.392456358751,,NG
2012,50118,152.5,0.255943426551,0.473662098216,,NG
2012,50121,69.2,0.321830976525,0.236646029629,,PC
2012,50127,80.0,0.0428849480969,0.331014177943,,NG
2012,50137,101.9,0.00296443694374,0.255563347252,,NG
2012,50150,168.0,0.439337625638,0.309876030451,,NG
2012,50229,35.0,0.700069214039,0.720076258624,,NG
2012,50241,4.2,0.000549239303565,0.297991266376,,DFO
2012,50304,252.0,0.601372640559,0.746758885991,,NG
2012,50475,41.0,0.316887501055,0.266300455496,,NG
2012,50815,643.6,0.500772937406,0.312717445964,,NG
2012,52069,63.1,0.48584131667,0.734667340659,,NG
2012,52071,661.5,0.762438487029,0.309051946151,,LIG
2012,52088,450.0,0.314569012175,0.53316765568,,NG
2012,52120,678.1,0.484194428867,0.607404311848,,NG
2012,52132,191.1,0.309509022312,0.676256790612,,NG
2012,52176,230.0,0.114869866105,0.443748978149,,NG
2012,54330,3.7,0.512173072727,0.404405970235,,NG
2012,54364,6.0,0.00251826220684,0.507922727273,,DFO
2012,54458,2.0,0.0,0.0,,NG
2012,54606,3.4,0.00651604586471,0.363492490294,,NG
2012,54607,3.5,3.22952710496e-05,0.47768,,DFO
2012,54676,497.9,0.533341302212,0.354028753129,,NG
2012,54817,282.6,0.359320802631,0.42454337297,,NG
2012,55015,572.0,0.651975294602,0.673295545434,,NG
2012,55025,5.6,0.538865546218,0.481673974391,,NG
2012,55047,815.0,0.656136455304,0.509561062488,,NG
2012,55052,1.1,1.14658697704,0.304506108858,,NG
2012,55053,7.2,0.0,0.0,,NG
2012,55086,432.0,0.733762249562,0.810189629908,,NG
2012,55091,1734.0,0.327939347257,0.445669119157,84.0,NG
2012,55097,1108.3,0.511310536071,0.449015018825,,NG
2012,55098,529.0,0.667366775466,0.475423915187,,NG
2012,55123,801.0,0.596704811028,0.45912274882,,NG
2012,55132,939.6,0.506744262326,0.465807081586,,NG
2012,55137,898.2,0.353870755737,0.490012616586,,NG
2012,55139,809.6,0.361509777708,0.421678098914,80.0,NG
2012,55144,989.0,0.220072236353,0.446811643549,,NG
2012,55153,1088.2,0.242727851057,0.448760582511,,NG
2012,55154,595.0,0.71209521871,0.473813666551,,NG
2012,55168,727.8,0.456525535711,0.447030704235,,NG
2012,55172,807.0,0.31074150777,0.472874607834,,NG
2012,55187,918.3,0.673092210281,0.680090252719,,NG
2012,55206,575.5,0.448710664314,0.349366884737,,NG
2012,55215,1135.2,0.361979211118,0.432837570584,88.0,NG
2012,55223,418.0,0.55797917253,0.483560341493,41.0,NG
2012,55226,1036.0,0.59195011868,0.480345753893,,NG
2012,55230,1280.0,0.497562265715,0.478932440563,,NG
2012,55299,715.0,0.409058652858,0.566047062374,,NG
2012,55311,92.7,0.751461038759,0.30940025086,,NG
2012,55313,517.0,0.615393127327,0.404267574805,,NG
2012,55320,746.0,0.635306502036,0.456987633111,,NG
2012,55327,914.6,0.583060242015,0.419444645463,,NG
2012,55357,675.6,0.577881816189,0.467699695565,,NG
2012,55365,236.0,0.0465691161809,0.27968709605,,NG
2012,55390,10.8,0.00169806484685,0.257723515439,,DFO
2012,55464,996.0,0.722046200951,0.598309407654,,NG
2012,55470,861.0,0.604744355896,0.707296313577,,NG
2012,55480,1850.8,0.567461210701,0.442125819012,,NG
2012,55545,551.3,0.568685821978,0.474593314009,,NG
2012,56152,260.0,0.587633577322,0.291000002403,,NG
2012,56233,153.9,0.658698521262,0.438526408762,,NG
2012,56349,573.0,0.0847597883214,0.390082106341,,NG
2012,56350,580.1,0.326491852914,0.407339332843,90.0,NG
2012,56374,6.1,0.549700304423,0.287476203449,,NG
2012,56674,242.0,0.0220890884307,0.336462976478,64.0,NG
2012,56708,310.0,0.465893510808,0.286882421577,,PC
2012,56806,535.5,0.37277496158,0.446018701045,,NG
2012,57322,15.0,0.852802768166,0.299999590926,,NG
2012,57504,48.0,0.117214532872,0.300000648894,,NG
2012,58069,4.7,0.0666757466441,0.290997320526,,PC
2012,58151,50.1,0.553064827669,0.327993867815,,NG
2013,127,720.0,0.63551950676,0.331127258065,75.0,SUB
2013,298,1849.8,0.802607481179,0.331777459643,112.0,LIG
2013,3439,263.6,0.0891204736826,0.331268310076,74.0,NG
2013,3441,730.2,0.339905927086,0.43770074917,127.0,NG
2013,3443,376.9,0.241440905487,0.419493221881,70.0,NG
2013,3452,927.5,0.0329174242127,0.268257966408,235.0,NG
2013,3453,852.2,0.0385908025013,0.28311031259,107.0,NG
2013,3460,1530.0,0.092896472699,0.299977837896,273.0,NG
2013,3464,878.4,0.00854704894923,0.213317181869,117.0,NG
2013,3468,842.5,0.0206941635094,0.261408232548,150.0,NG
2013,3469,1189.9,0.0254450351202,0.346171111156,203.0,NG
2013,3470,4008.4,0.454745502438,0.323158610309,295.0,SUB
2013,3490,634.7,0.0307756945539,0.269259427806,153.0,NG
2013,3491,1314.8,0.0300565402345,0.254844655542,169.0,NG
2013,3492,536.4,0.00654992443966,0.209851478691,52.0,NG
2013,3494,1097.4,0.0229185939966,0.250828543351,77.0,NG
2013,3497,1186.8,0.811523259021,0.306870478948,169.0,SUB
2013,3504,713.4,0.0273009119544,0.249857424987,184.0,NG
2013,3507,243.3,0.0162196935543,0.260749712979,85.0,NG
2013,3548,932.0,0.0699049804219,0.292298679288,127.0,NG
2013,3559,170.4,0.0541124486249,0.324392026278,29.0,NG
2013,3561,138.0,0.000223994115975,0.18281007597,,NG
2013,3576,427.7,0.0106049929358,0.25172768956,45.0,NG
2013,3601,639.0,0.0483979617807,0.291057770736,67.0,NG
2013,3609,229.6,0.0601291449148,0.317850675317,,NG
2013,3611,892.0,0.103501973586,0.282080884224,136.0,NG
2013,3612,1138.0,0.0526033652394,0.29122047471,101.0,NG
2013,3628,603.6,0.0314802832371,0.278679570016,102.0,NG
2013,3630,267.6,0.163812038488,0.368664333163,,NG
2013,3631,215.2,0.153306063296,0.352756246081,29.0,NG
2013,4195,109.9,0.0288193209093,0.23847568627,,NG
2013,4266,126.5,0.0087968598274,0.223120503731,29.0,NG
2013,4937,,,0.289365767885,90.0,NG
2013,4939,1082.2,0.246110330594,0.419476274315,168.0,NG
2013,6136,453.5,0.661827720065,0.327612198869,114.0,SUB
2013,6146,2379.6,0.739318829815,0.310372476399,,LIG
2013,6147,1980.0,0.466494177181,0.302139929403,143.0,SUB
2013,6178,622.4,0.869832845398,0.34734918448,22.0,SUB
2013,6179,1690.0,0.715524798155,0.321788622147,204.0,SUB
2013,6180,1795.4,0.762355592897,0.336129750713,49.0,LIG
2013,6181,932.0,0.575558266134,0.339078789861,88.0,SUB
2013,6183,410.0,0.753595516077,0.297232383039,10.0,LIG
2013,6243,203.2,0.047947374874,0.252373033747,18.0,NG
2013,6648,590.6,0.782835754971,0.316456393494,15.0,LIG
2013,7030,349.2,0.683139320259,0.295614247266,30.0,LIG
2013,7097,1444.0,0.601943687837,0.350499935257,62.0,SUB
2013,7325,176.4,0.593944113593,0.246357459265,12.0,NG
2013,7512,550.0,0.339123833491,0.46773339672,,NG
2013,7900,696.4,0.223295683784,0.411906504257,83.0,NG
2013,8063,357.6,0.00415141053131,0.2897244455,84.0,NG
2013,10154,41.0,0.722902073311,0.769596137895,,NG
2013,10167,7.6,0.69710101378,0.632763219761,,PC
2013,10184,14.3,0.169364660714,0.2857235334,,NG
2013,10243,44.2,0.585497920222,0.242554251498,,NG
2013,10261,25.7,0.801403830014,0.721433047613,,NG
2013,10298,300.0,0.754809311803,0.656236954764,,NG
2013,10418,52.1,0.527332961411,0.435814557718,,NG
2013,10436,177.3,0.657500596868,0.250805269808,,NG
2013,10554,689.4,0.668565551544,0.465472039079,,NG
2013,10670,,,0.258491446532,,PC
2013,10692,381.8,0.751021235536,0.616185795058,,NG
2013,10741,465.2,0.104491030138,0.605190347325,,NG
2013,10790,102.4,0.585341650447,0.763084089481,,NG
2013,50026,47.0,0.666534148077,0.473787907852,,NG
2013,50043,380.7,0.530094050327,0.328765203571,,NG
2013,50054,6.9,0.458276916905,0.606968172704,,NG
2013,50109,250.0,0.138035063437,0.387924382007,,NG
2013,50118,152.5,0.250305746214,0.474857126276,,NG
2013,50121,69.2,0.328448046883,0.131424979373,,PC
2013,50127,80.0,0.0284371395617,0.287941605839,,NG
2013,50137,101.9,0.00410425672318,0.263495665879,,NG
2013,50150,168.0,0.448469833031,0.319870654698,,NG
2013,50229,35.0,0.612677551491,0.719499411034,,NG
2013,50241,4.2,0.00145548415445,0.256141643059,,DFO
2013,50304,252.0,0.537984474836,0.756869561738,,NG
2013,50475,41.0,0.298435873632,0.259668665321,,NG
2013,50815,643.6,0.502032074483,0.30660879452,,NG
2013,52069,63.1,0.501672963769,0.73466716946,,NG
2013,52071,661.5,0.790861531018,0.317341380717,,LIG
2013,52088,450.0,0.241648853005,0.529203358872,,NG
2013,52120,678.1,0.514669166017,0.607404344008,,NG
2013,52132,191.1,0.220972250137,0.690998148575,,NG
2013,52176,230.0,0.0714618123464,0.444068100263,,NG
2013,54330,3.7,0.86119268057,0.396316018197,,NG
2013,54364,6.0,0.00282583621684,0.497090188305,,DFO
2013,54458,2.0,0.326044982699,0.331337732355,,NG
2013,54606,3.4,-0.532227322071,-70.7144752497,,NG
2013,54676,497.9,0.542062128066,0.353781383231,,NG
2013,54817,282.6,0.315467839007,0.421797122614,,NG
2013,55015,572.0,0.577597569386,0.67414892933,,NG
2013,55025,5.6,0.499728950404,0.472041841985,,NG
2013,55047,815.0,0.56597349297,0.508949077455,,NG
2013,55052,1.1,1.13924714271,0.37233345051,,NG
2013,55053,10.4,0.833795581581,0.334939646545,,NG
2013,55086,432.0,0.71143043274,0.80298796112,,NG
2013,55091,1734.0,0.363679992657,0.442730899396,98.0,NG
2013,55097,1108.3,0.540531073027,0.469063767705,,NG
2013,55098,529.0,0.624529754079,0.471135790342,,NG
2013,55123,801.0,0.507895551552,0.471700088941,,NG
2013,55132,939.6,0.527336106606,0.463699411813,,NG
2013,55137,940.2,0.287600836849,0.495008078314,,NG
2013,55139,788.4,0.44106996665,0.417570063946,90.0,NG
2013,55144,989.0,0.30717990164,0.459773502749,,NG
2013,55153,1088.2,0.350901894645,0.456751573195,,NG
2013,55154,595.0,0.669911507856,0.477164674043,,NG
2013,55168,618.7,0.47269687213,0.444560391368,,NG
2013,55172,807.0,0.535025276238,0.481450385567,,NG
2013,55187,918.3,0.788886640614,0.681063863713,,NG
2013,55206,575.5,0.390894833939,0.341557913756,,NG
2013,55215,1152.8,0.446808412715,0.462303129673,104.0,NG
2013,55223,418.0,0.553621628781,0.475447581849,38.0,NG
2013,55226,1036.0,0.443564214239,0.470486307768,,NG
2013,55230,1280.0,0.489557832324,0.478455040315,,NG
2013,55299,715.0,0.384761045967,0.565542581066,,NG
2013,55311,92.7,0.634423653337,0.312392981861,,NG
2013,55313,517.0,0.676889784021,0.407045084803,,NG
2013,55320,746.0,0.593289995702,0.451191535693,,NG
2013,55327,914.6,0.453519491948,0.420292561622,,NG
2013,55357,675.6,0.452714934753,0.4612597132,,NG
2013,55365,236.0,0.0495933767325,0.266068042183,,NG
2013,55390,10.8,0.00203981374685,0.309739543726,,DFO
2013,55464,996.0,0.642702528685,0.598498271026,,NG
2013,55470,861.0,0.529468028914,0.711108495857,,NG
2013,55480,1850.8,0.510981940164,0.458047716001,,NG
2013,55545,551.3,0.456717696308,0.467298258144,,NG
2013,56152,260.0,0.56642804099,0.381634260676,,NG
2013,56233,153.9,0.648317898424,0.470901258962,,NG
2013,56349,573.0,0.136890161054,0.388145375493,,NG
2013,56350,580.1,0.345581152039,0.411155780181,76.0,NG
2013,56374,6.1,0.525686841757,0.262011352117,,NG
2013,56611,1008.0,0.385203722012,0.372850348806,,SUB
2013,56674,242.0,0.0139904868121,0.31108648103,49.0,NG
2013,56708,310.0,0.342309409532,0.272241526788,,PC
2013,56806,535.5,0.223455102918,0.442764916859,,NG
2013,57322,15.0,0.796116878124,0.300000016985,,NG
2013,57504,48.0,0.171136101499,0.356717878858,,NG
2013,58069,4.7,0.103453336278,0.291002982925,,PC
2013,58151,50.1,0.538987146814,0.328491052061,,NG
2013,58378,102.7,0.00857920348963,0.25050475266,,NG
2013,59378,4.3,0.427818459805,0.242660153481,,NG
2013,59381,5.0,0.646008765859,0.294000337719,,NG
2014,127,720.0,0.515289155453,0.329986880233,78.0,SUB
2014,298,1849.8,0.746815115023,0.328442461093,128.0,LIG
2014,3439,263.6,0.0593709143034,0.320883992467,76.0,NG
2014,3441,730.2,0.240421720108,0.424318151587,192.0,NG
2014,3443,376.9,0.194378776904,0.419882729987,77.0,NG
2014,3452,927.5,0.0328423138934,0.268536306747,260.0,NG
2014,3453,852.2,0.0278840003497,0.244641938341,114.0,NG
2014,3460,1530.0,0.0990508929446,0.29824599018,314.0,NG
2014,3464,878.4,0.0105077282172,0.211968472004,107.0,NG
2014,3469,1189.9,0.0274063719505,0.334214309099,203.0,NG
2014,3470,4008.4,0.464143085564,0.323576821377,373.0,SUB
2014,3490,634.7,0.0359346585741,0.274939299338,173.0,NG
2014,3491,1314.8,0.0241213595623,0.238155018609,159.0,NG
2014,3492,536.4,0.00384123469978,0.246407968888,188.0,NG
2014,3494,1097.4,0.00977060385363,0.254274304203,50.0,NG
2014,3497,1186.8,0.705422077882,0.303592235031,123.0,LIG
2014,3504,713.4,0.028498128914,0.276008168915,174.0,NG
2014,3507,243.3,0.0173906365331,0.273765385465,93.0,NG
2014,3548,932.0,0.0455256149418,0.283607418754,125.0,NG
2014,3559,170.4,0.0651394913116,0.335361877147,18.0,NG
2014,3561,22.0,0.000634371395617,0.19025437788,,NG
2014,3576,427.7,0.00866953116088,0.239435983183,33.0,NG
2014,3601,639.0,0.0258351338326,0.283930471972,81.0,NG
2014,3609,229.6,0.0312302826439,0.30428825996,,NG
2014,3611,892.0,0.0608955167295,0.275172441475,129.0,NG
2014,3612,1138.0,0.0281947122879,0.270679297631,73.0,NG
2014,3628,603.6,0.0317243031622,0.260936014667,69.0,NG
2014,3630,267.6,0.160810002362,0.366212278816,,NG
2014,3631,215.2,0.155926409488,0.357606830525,33.0,NG
2014,4195,109.9,0.0357764686991,0.179404443169,,NG
2014,4266,126.5,0.0041750436515,0.196127893548,20.0,NG
2014,4939,1082.2,0.191097122206,0.424668692322,200.0,NG
2014,6136,453.5,0.708551079709,0.341346788603,90.0,SUB
2014,6146,2379.6,0.659261644732,0.30411346888,,LIG
2014,6147,1980.0,0.380822470029,0.302848340975,182.0,SUB
2014,6178,622.4,0.958613905357,0.349270622351,25.0,SUB
2014,6179,1690.0,0.633601547334,0.318546903945,188.0,SUB
2014,6180,1795.4,0.829426151209,0.339408442185,40.0,LIG
2014,6181,932.0,0.704469187569,0.333357644642,77.0,SUB
2014,6183,410.0,0.611312353785,0.296227035792,45.0,LIG
2014,6243,203.2,0.0608720676784,0.250988291073,7.0,NG
2014,6648,590.6,0.879018693089,0.317589308524,19.0,LIG
2014,7030,349.2,0.765219819961,0.299732695171,16.0,LIG
2014,7097,1444.0,0.741155221862,0.353632425127,59.0,SUB
2014,7325,176.4,0.539548499138,0.244807117682,6.0,NG
2014,7512,550.0,0.457835168292,0.474267555969,,NG
2014,7900,696.4,0.198400308192,0.403261008762,85.0,NG
2014,8063,357.6,0.00984778698952,0.236919548699,156.0,NG
2014,10154,41.0,0.680161476355,0.769596800496,,NG
2014,10167,7.6,0.650243883931,0.632772694747,,PC
2014,10184,14.3,0.168412901977,0.285388048102,,NG
2014,10243,44.2,0.685971806876,0.67162584138,,NG
2014,10261,25.7,0.75403354292,0.721433397138,,NG
2014,10298,304.6,0.650126730388,0.657485287366,,NG
2014,10418,52.1,0.513555180681,0.435814305787,,NG
2014,10436,177.3,0.701194581545,0.255923755343,,NG
2014,10554,689.4,0.608243164994,0.483705993926,,NG
2014,10692,381.8,0.815206968992,0.616185882664,,NG
2014,10741,453.2,0.104769518004,0.61661071548,,NG
2014,10790,102.4,0.603658673948,0.763302202995,,NG
2014,50026,47.0,0.632783626592,0.473787217681,,NG
2014,50043,380.7,0.562217841595,0.330330879832,,NG
2014,50054,6.9,0.0994039081958,0.606956106375,,NG
2014,50109,250.0,0.226861822376,0.385059578288,,NG
2014,50118,152.5,0.245540870157,0.478683701144,,NG
2014,50121,69.2,0.36017327373,0.127457341811,,PC
2014,50127,80.0,0.00531574394464,0.176616555287,,NG
2014,50137,101.9,0.00297575590878,0.286998816189,,NG
2014,50150,168.0,0.454099132888,0.314558655773,,NG
2014,50229,35.0,0.691059499094,0.720024273473,,NG
2014,50241,4.2,0.000384467512495,0.310181818182,,DFO
2014,50304,252.0,0.577851939272,0.695757081985,,NG
2014,50475,41.0,0.270146566518,0.2603816175,,NG
2014,50815,643.6,0.535645443056,0.306890080634,,NG
2014,52069,63.1,0.494238525838,0.734666431238,,NG
2014,52071,661.5,0.730365691026,0.315788112525,,LIG
2014,52088,450.0,0.265600153787,0.532354362323,,NG
2014,52120,678.1,0.443667149902,0.561791247051,,NG
2014,52132,191.1,0.124236119787,0.649288161667,,NG
2014,52176,230.0,0.110117346171,0.444054863792,44.0,NG
2014,54330,3.7,0.760837307896,0.396316223599,,NG
2014,54364,6.0,0.00282583621684,0.496598019802,,DFO
2014,54458,2.0,0.254099192618,0.334331382823,,NG
2014,54606,3.4,0.00319153266843,0.364773818182,,NG
2014,54676,497.9,0.501765777975,0.35404444287,,NG
2014,54817,282.6,0.298963897603,0.424621099291,,NG
2014,55015,572.0,0.598628209161,0.678327250238,7.0,NG
2014,55025,5.6,0.496862745098,0.472036772876,,NG
2014,55047,815.0,0.588195526496,0.515122938004,,NG
2014,55052,1.3,0.971519829651,0.340546896363,,NG
2014,55053,10.4,0.915483985449,0.334590103982,,NG
2014,55086,432.0,0.644999519416,0.777600007472,,NG
2014,55091,1734.0,0.367062974182,0.437865656615,95.0,NG
2014,55097,1108.3,0.555089462846,0.458221641889,,NG
2014,55098,529.0,0.584012183768,0.466108354083,,NG
2014,55123,801.0,0.535002959104,0.468936161143,,NG
2014,55132,939.6,0.426297626957,0.462439689061,,NG
2014,55137,940.2,0.370771317399,0.500975460436,,NG
2014,55139,788.4,0.558184944674,0.407416377345,78.0,NG
2014,55144,989.0,0.27978979851,0.455175881915,,NG
2014,55153,1088.2,0.471823357493,0.468573519685,170.0,NG
2014,55154,595.0,0.653292818858,0.473932557869,,NG
2014,55168,618.7,0.572686264629,0.443786219572,,NG
2014,55172,807.0,0.535051717312,0.480908890378,,NG
2014,55187,918.3,0.754654713382,0.681045595121,,NG
2014,55206,593.3,0.390376700141,0.33713811716,,NG
2014,55215,1152.8,0.478454844811,0.471599643874,125.0,NG
2014,55223,418.0,0.494587562016,0.477091646902,40.0,NG
2014,55226,1036.0,0.455038008844,0.470353602052,,NG
2014,55230,1280.0,0.562352490629,0.474824743987,,NG
2014,55299,923.8,0.380485372339,0.564342729325,,NG
2014,55311,92.7,0.624983669462,0.307273060746,,NG
2014,55313,517.0,0.680831208797,0.405840808208,,NG
2014,55320,746.0,0.581885411159,0.465964530804,,NG
2014,55327,914.6,0.436476601163,0.419444660874,,NG
2014,55357,675.6,0.412773164851,0.453118397682,,NG
2014,55365,236.0,0.0413568119172,0.27273091132,,NG
2014,55390,10.8,0.00174078345935,0.302423056009,,DFO
2014,55464,1176.0,0.606597148663,0.597323058752,,NG
2014,55470,861.0,0.563117240622,0.7096195921,,NG
2014,55480,1850.8,0.534928877665,0.447481021234,,NG
2014,55545,551.3,0.328678717035,0.456252285014,,NG
2014,56152,260.0,0.758909897081,0.403952247505,,NG
2014,56233,153.9,0.666862272945,0.448001203521,,NG
2014,56349,573.0,0.126986599999,0.38434641196,,NG
2014,56350,580.1,0.316565950229,0.407805895422,117.0,NG
2014,56374,6.1,0.510390076957,0.375313743149,,NG
2014,56611,1008.0,0.74143930448,0.370332212419,,SUB
2014,56674,242.0,0.043356020094,0.319967881505,65.0,NG
2014,56708,310.0,0.285528146743,0.264652317341,,NG
2014,56806,535.5,0.225749200103,0.437634929005,,NG
2014,57322,15.0,0.842283737024,0.299999894046,,NG
2014,57504,48.0,0.186118319877,0.332091963614,,NG
2014,58001,803.2,0.19779934472,0.475321873135,,NG
2014,58005,803.2,0.161540975659,0.469858758169,,NG
2014,58069,4.7,0.0,0.0,,PC
2014,58151,50.1,0.504980972311,0.334322586928,,NG
2014,58378,102.7,0.0151896488018,0.284715761158,,NG
2014,59378,4.3,0.364287438642,0.243447962089,,NG
2014,59381,5.0,0.610334486736,0.299998657437,,NG
2015,127,720.0,0.333515466968,0.307468003438,97.0,SUB
2015,298,1849.8,0.571443180054,0.324862756849,188.0,SUB
2015,3439,263.6,0.038809195016,0.2878100169,65.0,NG
2015,3441,730.2,0.245439226491,0.43986073789,310.0,NG
2015,3443,376.9,0.248582881719,0.423680980207,63.0,NG
2015,3452,927.5,0.0355275339881,0.293978630343,307.0,NG
2015,3453,852.2,0.0549836815602,0.282381632145,92.0,NG
2015,3460,1530.0,0.176618268992,0.304466406005,297.0,NG
2015,3464,878.4,0.0124186420523,0.236491191402,149.0,NG
2015,3469,1189.9,0.0758634307032,0.35010829312,169.0,NG
2015,3470,4008.4,0.45489117605,0.324264637679,371.0,SUB
2015,3490,634.7,0.0351845017008,0.296314973359,188.0,NG
2015,3491,1314.8,0.0325435315593,0.229079847628,155.0,NG
2015,3492,536.4,0.00279749571452,0.219712824879,94.0,NG
2015,3494,1097.4,0.000772193224249,0.224758268853,66.0,NG
2015,3497,1186.8,0.741465519212,0.305447975624,193.0,SUB
2015,3504,713.4,0.0281162482309,0.324447583787,177.0,NG
2015,3507,243.3,0.0179941225299,0.283956789041,107.0,NG
2015,3548,932.0,0.0745786120558,0.293251140677,163.0,NG
2015,3559,170.4,0.0271448955169,0.299516540766,30.0,NG
2015,3576,427.7,0.0155300784028,0.256588723378,55.0,NG
2015,3601,623.0,0.0514730412985,0.295253832335,102.0,NG
2015,3609,229.6,0.016595232067,0.290851482185,,NG
2015,3611,892.0,0.0668779516502,0.27043606359,119.0,NG
2015,3612,1138.0,0.0403935147966,0.28286991754,64.0,NG
2015,3628,603.6,0.0353989098856,0.267372103451,72.0,NG
2015,3630,267.6,0.155129193153,0.36639102445,,NG
2015,3631,215.2,0.129389039674,0.351929977834,28.0,NG
2015,4195,109.9,0.0205502958021,0.196523058459,,NG
2015,4266,126.5,0.0120446225456,0.243648413428,33.0,NG
2015,4937,565.6,0.69359135617,0.513183650974,45.0,NG
2015,4939,1082.2,0.184215182154,0.43944930314,267.0,NG
2015,6136,453.5,0.555544028312,0.320766270567,94.0,SUB
2015,6146,2379.6,0.483517577029,0.291940231057,,LIG
2015,6147,1980.0,0.278381799075,0.270616331054,174.0,SUB
2015,6178,622.4,0.595193331688,0.336808574157,79.0,SUB
2015,6179,1690.0,0.595618163701,0.319875603214,192.0,SUB
2015,6180,1795.4,0.766150759875,0.314228583559,57.0,LIG
2015,6181,932.0,0.395651103529,0.311112553856,86.0,SUB
2015,6183,410.0,0.610354750331,0.268840151144,45.0,LIG
2015,6243,203.2,0.0693142704048,0.242668859689,2.0,NG
2015,6648,590.6,0.801603246127,0.310732933809,27.0,LIG
2015,7030,349.2,0.80408309783,0.298486941232,7.0,LIG
2015,7097,1444.0,0.361502238671,0.333715988455,153.0,SUB
2015,7325,176.4,0.588640685032,0.245140963628,9.0,NG
2015,7512,550.0,0.575288874908,0.477162918771,,NG
2015,7900,696.4,0.270189513113,0.419088231111,76.0,NG
2015,8063,357.6,0.00571476123019,0.252910974263,108.0,NG
2015,10154,41.0,0.686443300419,0.769598211892,,NG
2015,10167,7.6,0.598297213622,0.652334025218,,PC
2015,10184,14.3,0.172550632758,0.291599582932,,NG
2015,10243,44.2,0.688850094203,0.671626077321,,NG
2015,10261,25.7,0.833797835912,0.721433339024,,NG
2015,10298,313.8,0.636562783251,0.65834572994,,NG
2015,10418,52.1,0.542678351232,0.435814507186,,NG
2015,10436,177.3,0.684871300964,0.250805221885,,NG
2015,10554,689.4,0.619002243062,0.560434590759,,NG
2015,10692,381.8,0.857060255464,0.616185835009,,NG
2015,10741,453.2,0.117925483884,0.614281727365,,NG
2015,10790,102.4,0.632767445213,0.763412112286,,NG
2015,50026,47.0,0.605852904366,0.473788615252,,NG
2015,50043,380.7,0.585959695141,0.336318659386,,NG
2015,50054,6.9,0.340918710195,0.606967381266,,NG
2015,50109,265.6,0.226984060811,0.384642243601,,NG
2015,50118,152.5,0.243974511695,0.478392865091,,NG
2015,50121,69.2,0.359259897261,0.188317590897,,PC
2015,50127,80.0,0.00764561707036,0.194419401285,,NG
2015,50137,101.9,0.00288633608497,0.265391654466,,NG
2015,50150,168.0,0.483548224584,0.329229887588,,NG
2015,50229,35.0,0.695353435492,0.720047706536,,NG
2015,50241,4.2,0.00458614818476,0.479632996633,,DFO
2015,50304,252.0,0.698030061698,0.606812018631,,NG
2015,50475,41.0,0.226244127493,0.190970140393,,NG
2015,50815,643.6,0.554004901782,0.307646138422,,NG
2015,52069,63.1,0.528238712284,0.734666451835,,NG
2015,52071,661.5,0.593843991802,0.318480491753,,LIG
2015,52088,450.0,0.246063565295,0.536957994181,,NG
2015,52120,678.1,0.475863447073,0.52873166312,,NG
2015,52132,191.1,0.177716335403,0.727186448382,,NG
2015,52176,230.0,0.0860503485282,0.440998480732,32.0,NG
2015,54330,3.7,0.905061878487,0.396318687129,,NG
2015,54364,6.0,0.00251826220684,0.414630797774,,DFO
2015,54676,497.9,0.505617480384,0.354396501942,,NG
2015,54817,282.6,0.24587554354,0.420523678797,,NG
2015,55015,572.0,0.571355683532,0.677340963415,4.0,NG
2015,55025,5.6,0.497589388697,0.472036807137,,NG
2015,55047,815.0,0.669560362579,0.509053921798,,NG
2015,55052,1.3,0.949250288351,0.369386477243,,NG
2015,55053,10.4,0.647149099459,0.33475436469,,NG
2015,55086,432.0,0.711003780597,0.781742539823,,NG
2015,55091,1734.0,0.377403221279,0.440601640079,74.0,NG
2015,55097,1108.3,0.624325668509,0.460795920791,,NG
2015,55098,529.0,0.713947667358,0.472564076587,,NG
2015,55123,801.0,0.463332022976,0.46849157302,,NG
2015,55132,939.6,0.494724251356,0.466396286955,,NG
2015,55137,940.2,0.411317428106,0.497995635394,,NG
2015,55139,788.4,0.435344063312,0.437006974127,91.0,NG
2015,55144,989.0,0.529902398121,0.456394066109,,NG
2015,55153,1088.2,0.636715509798,0.479728672036,142.0,NG
2015,55154,595.0,0.534529382687,0.460215507045,,NG
2015,55168,618.7,0.633335067072,0.437892064924,,NG
2015,55172,807.0,0.6682003919,0.484965432967,,NG
2015,55187,918.3,0.56950528288,0.681281391479,,NG
2015,55206,593.3,0.446975269207,0.353793134961,,NG
2015,55215,1152.8,0.581239239379,0.47424772305,141.0,NG
2015,55223,418.0,0.4399102112,0.462027079743,41.0,NG
2015,55226,1036.0,0.638273035764,0.47495298436,,NG
2015,55230,1280.0,0.557556408593,0.47119021349,,NG
2015,55299,923.8,0.587535359316,0.563732114179,,NG
2015,55311,92.7,0.695693341744,0.305563111561,,NG
2015,55313,517.0,0.660874667755,0.411564738888,,NG
2015,55320,746.0,0.674710458856,0.478838720352,,NG
2015,55327,914.6,0.498698670371,0.423369551042,,NG
2015,55357,675.6,0.579681062687,0.456734199273,,NG
2015,55365,236.0,0.0385837585283,0.265499107503,,NG
2015,55390,10.8,0.0016339869281,0.281269396552,,DFO
2015,55464,1176.0,0.691779358802,0.598585888965,,NG
2015,55470,861.0,0.583664685788,0.708939782174,,NG
2015,55480,1850.8,0.597479652179,0.453480779359,,NG
2015,55545,551.3,0.590056720291,0.4727069643,,NG
2015,56152,260.0,0.636184371396,0.393784263911,,NG
2015,56233,153.9,0.639108664908,0.442476228451,,NG
2015,56349,573.0,0.125961621688,0.398530572202,,NG
2015,56350,580.1,0.310846457487,0.399727168172,140.0,NG
2015,56374,6.1,0.523096413107,0.36931405767,,NG
2015,56611,1008.0,0.399632352941,0.361652996223,,SUB
2015,56674,242.0,0.0134609701926,0.276349818042,47.0,NG
2015,56708,310.0,0.22938348774,0.256531097941,,NG
2015,56806,535.5,0.280120875724,0.440228877362,,NG
2015,57322,15.0,0.819231064975,0.299999828344,,NG
2015,57504,48.0,0.102138600538,0.241422113614,,NG
2015,58001,1606.4,0.452551960555,0.483130043596,,NG
2015,58005,803.2,0.465089612714,0.476274683333,,NG
2015,58069,4.7,0.0,0.0,,PC
2015,58151,50.1,0.482046679421,0.333977925624,,NG
2015,58378,102.7,0.0209151075517,0.283496073812,,NG
2015,58471,346.0,0.0203908901201,0.226407097195,,NG
2015,59378,4.6,0.330775788576,0.241714482107,,NG
2015,59381,5.0,0.674648212226,0.299998653142,,NG
